no,initN,PMR,Mu,Sigma,LC,rKZb,rKZe,tKZb,tKZe,sKZb,sKZe,everyH,Ndrug,GammaR,GammaT,GammaS,ec50R,ec50T,ec50S,eminR,eminT,eminS,emaxR,emaxT,emaxS,1/alpha,rmsd,riR,riT,riS,dorfrac,dortime
1,2.3620704661820312e11,7,5,3,48,6,26,27,38,39,44,24,7,5.85903,2.73386,8.53022,69.2304,0.619855,97.3842,0.,0.,0.,99.9527,99.9885,99.9846,4.11374,0.735096,0.486309,0.00932825,0.469712,0.0012077858078638933,17
1,8.520866608892084e11,11,12,7,48,6,26,27,38,39,44,24,7,4.59508,4.01434,9.34606,57.6435,53.3945,23.6063,0.,0.,0.,99.7902,99.9914,99.9672,1.58425,0.484743,0.199156,0.210739,0.0400283,0.00009260623418991948,47
1,6.352754281710894e10,8,10,6,48,6,26,27,38,39,44,24,7,8.05667,5.6679,4.63142,85.74,86.4721,23.4331,0.,0.,0.,97.1996,99.9738,91.4472,1.57374,0.731829,0.172304,0.240159,0.0870718,0.0003657075772068776,29
1,1.1210472352024886e11,7,4,3,48,6,26,27,38,39,44,24,7,9.12373,5.3778,8.09358,11.661,8.52667,70.1523,0.,0.,0.,98.157,99.9615,99.9653,3.66299,0.671713,0.0476955,0.0581002,0.317605,0.00012310311145672867,101
1,6.8140930645915565e10,11,4,5,48,6,26,27,38,39,44,24,7,2.8131,7.10384,5.31739,62.7386,2.76786,59.0591,0.,0.,0.,97.7563,99.9327,99.9927,4.52709,0.601625,1.03282,0.0176507,0.502851,0.007703151571225522,2
1,5.639954453802059e11,9,8,4,48,6,26,27,38,39,44,24,7,6.8555,3.01253,7.55597,35.3016,25.6349,92.2341,0.,0.,0.,99.5078,99.9478,99.6601,3.39734,0.517205,0.175808,0.289245,0.41612,0.0013684468035637387,4
1,1.0096512535712943e11,7,9,5,48,6,26,27,38,39,44,24,7,5.8023,7.15562,3.10696,34.9118,4.32185,37.4997,0.,0.,0.,99.6409,99.6736,99.5237,2.35551,0.879702,0.142239,0.0142734,0.285661,0.0004466937660393862,106
